{"mae_train": 20289.33291445089, "mae_test": 21324.916493970413}